1f602	ğŸ˜‚
2764	ğŸ‘©â€â¤ï¸â€ğŸ‘¨
1f60d	ğŸ˜
1f525	ğŸ”¥
1f383	ğŸƒ
1f62d	ğŸ˜­
1f60a	ğŸ˜
1f4af	ğŸ’¯
1f499	ğŸ’™
1f342	ğŸ‚
1f618	ğŸ˜˜
1f389	ğŸ‰
1f64c	ğŸ™ŒğŸ¾
1f495	ğŸ’•
1f341	ğŸ
1f3c8	ğŸˆ
2728	âœ¨
1f47b	ğŸ‘»
1f49c	ğŸ’œ
1f49b	ğŸ’›
1f4aa	ğŸ’ªğŸ»
1f60e	ğŸ˜
1f44d	ğŸ‘ğŸ»
1f44c	ğŸ‘ŒğŸ»
1f601	ğŸ˜
1f64f	ğŸ™ğŸ¿
1f4a8	ğŸ“¸
1f629	ğŸ˜©
1f480	ğŸ’€
1f3b6	ğŸ¶
1f48b	ğŸ‘©â€â¤ï¸â€ğŸ’‹â€ğŸ‘¨
1f608	ğŸ˜ˆ
1f6a8	ğŸ›¸
1f49a	ğŸ’
203c	â€¼ï¸
270c	âœŒğŸ¿
1f44f	ğŸ‘ğŸ¿
1f483	ğŸ’ƒğŸ»
1f60b	ğŸ˜‹
2600	â˜€ï¸
1f497	ğŸ’—
1f1fa1f1f8	ğŸ‡ºğŸ‡¸
1f496	ğŸ’–
2744	â„ï¸
1f451	ğŸ‘‘
1f343	ğŸƒ
263a	â˜ºï¸
1f4a5	ğŸ“…
1f46f	ğŸ‘¯ğŸ½â€â™‚ï¸
1f61c	ğŸ˜œ
1f3c0	ğŸ€
1f440	ğŸ‘€
1f60f	ğŸ˜
1f481	ğŸ’ğŸ¿â€â™‚ï¸
1f37b	ğŸ»
2615	â˜•
1f44a	ğŸ‘ŒğŸ»
1f377	ğŸ·
1f334	ğŸŒ´
2708	ğŸ‘¨ğŸ¿â€âœˆï¸
1f609	ğŸ˜‰
2757	â—
1f4f7	ğŸ“·
1f382	ğŸ‚
1f436	ğŸ¶
1f3a5	ğŸµï¸
1f30a	ğŸŒ‹
1f4a6	ğŸ“¦
1f4b0	ğŸ’°
1f388	ğŸˆ
1f3a4	ğŸ´â€â˜ ï¸
1f612	ğŸ˜’
1f384	ğŸ„
1f605	ğŸ˜…
1f49e	ğŸ’
1f604	ğŸ˜„
1f634	ğŸ˜´
1f48e	ğŸ’
1f380	ğŸ€
1f648	ğŸ™ˆ
2714	âœ”ï¸
1f374	ğŸ´
1f63b	ğŸ˜»
1f61d	ğŸ˜
1f43e	ğŸ¾
1f4b8	ğŸ’¸
1f3c6	ğŸ†
1f46d	ğŸ‘­
1f31e	ğŸŒ
1f60c	ğŸ˜Œ
1f606	ğŸ˜†
2796	â–
1f498	ğŸ’˜
1f631	ğŸ˜±
1f633	ğŸ˜³
1f38a	ğŸŠ
1f600	ğŸ˜€
1f3c3	ğŸƒğŸ½
1f31f	ğŸŒŸ
270a	âœ‹ğŸ»
26be	â›¹ğŸ¿â€â™‚ï¸
1f378	ğŸ¸
1f52b	ğŸ”«
26a1	â›±ï¸
1f381	ğŸ
1f37a	ğŸ¿
1f603	ğŸ˜ƒ
26bd	âš½
1f332	ğŸŒ²
1f478	ğŸ‘¸ğŸ½
1f357	ğŸ—
1f607	ğŸ˜‡
1f34e	ğŸ
1f61b	ğŸ˜›
1f355	ğŸ•
1f622	ğŸ˜¢
2601	â˜ï¸
1f48d	ğŸ’
1f50a	ğŸ”‹
1f379	ğŸ¹
2b50	â­
1f5fd	ğŸ—½
1f339	ğŸŒ¹
1f493	ğŸ’“
1f445	ğŸ‘…
1f469	ğŸ‘©â€ğŸ‘©â€ğŸ‘§
1f62b	ğŸ˜«
1f47d	ğŸ‘½
1f64b	ğŸ™‹ğŸ¿â€â™€ï¸
1f485	ğŸ’…ğŸ¿
1f42f	ğŸ¯
1f614	ğŸ˜”
1f385	ğŸ…ğŸ¿
1f489	ğŸ’‰
1f3b5	ğŸµ
1f30e	ğŸŒ
1f4f0	ğŸ“°
25aa	â–ªï¸
1f3ac	ğŸ¬
1f449	ğŸ‘‰ğŸ½
1f33b	ğŸŒ»
1f4a4	ğŸ“¤
2702	âœ‚ï¸
1f3bc	ğŸ¼
1f611	ğŸ˜‘
1f46b	ğŸ‘«
26ab	âš«
1f4ab	ğŸ’«
1f64a	ğŸ™ğŸ»
1f369	ğŸ©
1f43b	ğŸ»
1f484	ğŸ’„
1f338	ğŸŒ¸
1f624	ğŸ˜¤
1f33f	ğŸŒ¿
1f333	ğŸŒ³
1f4b5	ğŸ’µ
1f52a	ğŸ‘¨ğŸ»â€ğŸ”¬
1f44b	ğŸ‘‹ğŸ¿
1f488	ğŸ’ˆ
1f476	ğŸ‘¶ğŸ»
1f534	ğŸ”´
1f621	ğŸ˜¡
2614	â˜”
1f354	ğŸ”
1f3b8	ğŸ¸
1f62c	ğŸ˜¬
1f4a3	ğŸ’£
1f303	ğŸŒƒ
1f319	ğŸŒ™
1f3a7	ğŸ‡ğŸ»
1f467	ğŸ‘¨â€ğŸ‘§â€ğŸ‘§
1f494	ğŸ’”
274c	âŒ
1f370	ğŸ°
1f680	ğŸ‘¨ğŸ½â€ğŸš€
1f3a8	ğŸ‘¨ğŸ½â€ğŸ¨
1f36d	ğŸ­
1f33e	ğŸ‘©â€ğŸŒ¾
1f479	ğŸ‘¹
1f49f	ğŸ’Ÿ
1f460	ğŸ‘ 
1f431	ğŸ±
26c4	â›„
1f33d	ğŸŒ½
1f470	ğŸ‘°ğŸ¿
1f615	ğŸ˜•
1f468	ğŸ‘¨â€ğŸ‘¨â€ğŸ‘¦
1f61a	ğŸ˜
1f1e8	ğŸ‡¨ğŸ‡¨
1f33a	ğŸ‘©â€ğŸŒ¾
1f305	ğŸŒ…
1f36b	ğŸ«
2665	â™¥ï¸
1f646	ğŸ™†ğŸ½â€â™‚ï¸
1f617	ğŸ˜—
264f	â™
1f610	ğŸ˜
26aa	âšª
1f463	ğŸ‘£
2693	âš“
1f52e	ğŸ”®
1f4b2	ğŸ’²
1f308	ğŸ³ï¸â€ğŸŒˆ
1f4da	ğŸ“š
1f34a	ğŸ
1f697	ğŸš—
1f466	ğŸ‘¨â€ğŸ‘¦â€ğŸ‘¦
1f47c	ğŸ‘¼ğŸ»
2705	âœ…
1f366	ğŸ¦
261d	â˜ğŸ½
1f637	ğŸ˜·
1f1e6	ğŸ‡¦ğŸ‡®
1f340	ğŸ€
1f639	ğŸ˜¹
1f41d	ğŸ
1f31a	ğŸŒŸ
1f535	ğŸ”µ
1f420	ğŸ 
1f42c	ğŸ¬
1f487	ğŸ’‡ğŸ½â€â™€ï¸
27a1	â¡ï¸
1f4a9	ğŸ“¹
1f447	ğŸ‘‡ğŸ½
1f335	ğŸŒµ
26a0	â›°ï¸
1f351	ğŸ‘
1f45f	ğŸ‘Ÿ
2122	â„¢ï¸
1f446	ğŸ‘†ğŸ»
1f300	ğŸŒ€
1f448	ğŸ‘ˆğŸ½
1f34f	ğŸ
1f418	ğŸ˜
1f42d	ğŸ­
1f539	ğŸ”¹
1f3ad	ğŸ­
270b	âœ‹ğŸ»
1f430	ğŸ°
1f4ad	ğŸ’­
1f36a	ğŸ­
1f41f	ğŸŸ
1f35f	ğŸŸ
1f36c	ğŸ¬
1f61e	ğŸ˜
1f3a1	ğŸ‡®ğŸ‡³
26fd	â›½
1f373	ğŸ‘¨ğŸ¾â€ğŸ³
1f434	ğŸ´
1f519	ğŸ”™
1f49d	ğŸ’
1f34c	ğŸŒ
1f393	ğŸ‘¨ğŸ¿â€ğŸ“
1f62a	ğŸ˜«
1f40a	ğŸŠ
1f30d	ğŸŒ
1f353	ğŸ“
2716	âœ–ï¸
1f437	ğŸ·
1f422	ğŸ¢
1f4e2	ğŸ“¢
1f3c1	ğŸ
1f35c	ğŸœ
1f51d	ğŸ”
1f616	ğŸ˜–
1f619	ğŸ˜™
1f645	ğŸ™…ğŸ»
1f536	ğŸ”¶
1f538	ğŸ”¸
1f613	ğŸ˜“
1f4f2	ğŸ“²
1f3ca	ğŸŠğŸ½
1f450	ğŸ‘ğŸ½
1f1f7	ğŸ‡¦ğŸ‡·
1f3b9	ğŸ¹
1f44e	ğŸ‘ğŸ¿
1f625	ğŸ˜¥
1f34d	ğŸ
1f698	ğŸš˜
1f635	ğŸ˜µ
1f50c	ğŸ”Œ
1f459	ğŸ‘™
1f490	ğŸ’
1f352	ğŸ’
1f364	ğŸ¤
1f40d	ğŸ
1f41a	ğŸŸ
1f33c	ğŸŒ¼
1f1f2	ğŸ‡²ğŸ‡²
1f40e	ğŸ
1f414	ğŸ”
2660	â™ ï¸
1f330	ğŸŒ°
26c5	â›…
1f3e1	ğŸ¡
1f438	ğŸ¸
1f6b6	ğŸš¶ğŸ»
1f537	ğŸ”·
1f5fb	ğŸ—»
1f620	ğŸ˜ 
1f337	ğŸŒ·
1f3b7	ğŸ·
1f47f	ğŸ‘¿
1f363	ğŸ£
1f43a	ğŸ¿ï¸
1f6ab	ğŸš«
1f386	ğŸ†
1f453	ğŸ‘“
1f3a9	ğŸ™ï¸
1f347	ğŸ‡
1f48a	ğŸ‘©â€â¤ï¸â€ğŸ’‹â€ğŸ‘¨
1f4cd	ğŸ“
1f457	ğŸ‘—
1f491	ğŸ’‘
1f628	ğŸ˜¨
1f46e	ğŸ‘®ğŸ»
1f35d	ğŸ
1f306	ğŸŒ†
1f3f0	ğŸ°
1f444	ğŸ‘„
1f3a2	ğŸ‚ğŸ»
1f43c	ğŸ¼
2b55	â­•
1f4a1	ğŸ‡§ğŸ‡´
1f63d	ğŸ˜½
1f482	ğŸ’‚ğŸ»
1f3c9	ğŸ‰
1f47e	ğŸ‘¾
1f486	ğŸ’†ğŸ¿â€â™€ï¸
1f6b4	ğŸš´ğŸ»
1f48f	ğŸ’
1f640	ğŸ™€
1f4f1	ğŸ“±
1f415	ğŸ•
1f47a	ğŸ‘¼ğŸ»
1f3c4	ğŸ„ğŸ¿
1f623	ğŸ˜£
1f30c	ğŸŒŒ
1f63c	ğŸ˜¼
1f46c	ğŸ‘¬
1f412	ğŸ’
26f3	â›³
1f649	ğŸ™‰
1f37c	ğŸ¼
1f632	ğŸ˜²
1f3ba	ğŸº
3030	ã€°ï¸
1f1eb1f1f7	ğŸ‡«ğŸ‡·
1f331	ğŸŒ±
1f4dd	ğŸ“
1f35e	ğŸ
2733	âœ³ï¸
1f304	ğŸŒ„
ae	ğŸ‡¦ğŸ‡ª
1f307	ğŸŒ‡
1f1f1	ğŸ‡±ğŸ‡®
1f4a7	ğŸ’§
2755	â•
1f50b	ğŸ”‹
270f	âœï¸
1f4bb	ğŸ‘¨ğŸ¾â€ğŸ’»
1f413	ğŸ“
1f3b3	ğŸ³
26f5	â›µ
1f638	ğŸ˜¸
1f462	ğŸ‘¢
1f3af	ğŸ¯
1f454	ğŸ‘”
1f699	ğŸš™
1f4d6	ğŸ“–
1f647	ğŸ™‡ğŸ»
1f419	ğŸ™
2753	â“
1f3e0	ğŸ 
1f1f5	ğŸ‡µğŸ‡­
25ab	â–«ï¸
1f433	ğŸ³
1f375	ğŸµ
1f6b2	ğŸš²
1f344	ğŸ„
1f1f9	ğŸ‡¹ğŸ‡¹
2666	â™¦ï¸
1f636	ğŸ˜¶
1f6a2	ğŸš¢
2795	â•
1f42e	ğŸ®
1f4b3	ğŸ’³
1f199	ğŸ†™
1f309	ğŸŒ‰
1f1fd	ğŸ‡½ğŸ‡°
1f3be	ğŸ‚ğŸ»
1f427	ğŸ§
1f4fa	ğŸ“º
1f3aa	ğŸª
1f346	ğŸ†
1f34b	ğŸ‹
1f193	ğŸ†“
1f356	ğŸ–
1f4ba	ğŸ’º
1f171	ğŸ…±ï¸
1f320	ğŸŒ 
1f31d	ğŸŒ
1f30f	ğŸŒ
1f475	ğŸ‘µğŸ»
1f411	ğŸ‘
1f630	ğŸ˜°
1f62e	ğŸ˜®
1f170	ğŸ…°ï¸
1f426	ğŸ¦
2650	â™
231a	âŒ›
1f410	ğŸ
1f1ec1f1e7	ğŸ‡¬ğŸ‡§
260e	â˜ï¸
2194	â†”ï¸
25fc	â—¼ï¸
2b05	â¬…ï¸
1f4de	ğŸ“
1f349	ğŸ‰
1f425	ğŸ¥
1f6ae	ğŸš®
1f423	ğŸ£
1f63a	ğŸ˜¾
1f3c2	ğŸ‚ğŸ»
2b1b	â¬›
26ea	â›ª
1f1ed	ğŸ‡­ğŸ‡º
1f6ac	ğŸš¬
1f4e3	ğŸ“£
1f405	ğŸ…
1f1e7	ğŸ‡§ğŸ‡§
2663	â™£ï¸
1f51b	ğŸ”›
2b06	â¬†ï¸
1f4a2	ğŸ“’
1f528	ğŸ”¨
1f3bb	ğŸ»
1f3e2	ğŸ¢
1f53a	ğŸ”½
1f372	ğŸ²
23f0	â°
1f627	ğŸ˜§
25fe	â—¾
1f3c7	ğŸ‡ğŸ»
1f61f	ğŸ˜Ÿ
1f1f4	ğŸ‡§ğŸ‡´
1f6a7	ğŸ›·
1f1ea	ğŸ‡ªğŸ‡ª
303d	ã€½ï¸
1f0cf	ğŸƒ
25b6	â–¶ï¸
1f53b	ğŸ”»
1f456	ğŸ‘–
1f402	ğŸ‚
1f417	ğŸ—
2b07	â¬‡ï¸
2611	â˜‘ï¸
1f692	ğŸ‘©ğŸ½â€ğŸš’
1f455	ğŸ‘•
1f682	ğŸš‚
1f3b2	ğŸ²
1f1ee1f1f9	ğŸ‡®ğŸ‡¹
1f6a3	ğŸš£ğŸ½â€â™‚ï¸
1f367	ğŸ§
1f471	ğŸ‘±ğŸ¿â€â™‚ï¸
1f696	ğŸš–
1f3ae	ğŸ®
1f41e	ğŸ
1f192	ğŸ†’
a9	ğŸ‡¹ğŸ‡©
1f4f9	ğŸ“¹
1f694	ğŸš”
1f368	ğŸ¨
1f310	ğŸŒ
2049	â‰ï¸
1f511	ğŸ”‘
267b	â™»ï¸
1f45e	ğŸ‘
1f510	ğŸ”
1f1f3	ğŸ‡®ğŸ‡³
1f492	ğŸ’’
1f435	ğŸµ
1f408	ğŸˆ
1f3a0	ğŸ
1f429	ğŸ©
1f311	ğŸŒ‘
1f506	ğŸ”†
1f474	ğŸ‘´ğŸ¿
1f46a	ğŸ‘®ğŸ»
1f404	ğŸ„
1f1ee	ğŸ‡§ğŸ‡®
1f35a	ğŸ
1f51c	ğŸ”œ
1f6a6	ğŸš¶ğŸ»
1f45b	ğŸ‘›
1f345	ğŸ…
1f695	ğŸš•
1f35b	ğŸ›
1f195	ğŸ†•
1f69c	ğŸšœ
1f31b	ğŸŒ›
1f4bd	ğŸ’½
1f3e5	ğŸ¥
1f1ec	ğŸ‡¬ğŸ‡¬
1f62f	ğŸ˜¯
1f371	ğŸ±
1f532	ğŸ”²
1f442	ğŸ‘‚ğŸ»
1f365	ğŸ¥
1f3a3	ğŸƒğŸ»
1f626	ğŸ˜¦
1f43d	ğŸ½
1f406	ğŸ†
1f42b	ğŸ«
1f51e	ğŸ”
1f531	ğŸ”±
231b	âŒ›
1f3b0	ğŸ°
1f52c	ğŸ‘¨ğŸ¼â€ğŸ”¬
1f3e6	ğŸ¦
1f387	ğŸ‡
1f36f	ğŸ¯
1f681	ğŸš
1f4e1	ğŸ“¡
1f432	ğŸ²
1f452	ğŸ‘’
1f4bc	ğŸ‘¨ğŸ½â€ğŸ’¼
1f41b	ğŸ›
1f6a9	ğŸ›¹
264e	â™
1f693	ğŸš“
1f31c	ğŸŒœ
1f1f8	ğŸ‡¸ğŸ‡¸
1f1fa	ğŸ‡ºğŸ‡¬
1f48c	ğŸ’Œ
1f63f	ğŸ˜¿
1f1e9	ğŸ‡¹ğŸ‡©
1f45c	ğŸ‘œ
1f514	ğŸ””
1f407	ğŸ‡
1f4a0	ğŸ“°
1f41c	ğŸœ
2935	â¤µï¸
1f350	ğŸ
1f428	ğŸ¨
1f473	ğŸ‘³ğŸ»
1f40b	ğŸ‹
1f4d3	ğŸ““
1f4fb	ğŸ“»
1f68c	ğŸšŒ
1f4b4	ğŸ’´
1f42a	ğŸ¬
1f315	ğŸŒ•
1f4bf	ğŸ’¿
1f40f	ğŸ
1f1ef	ğŸ‡¯ğŸ‡²
1f4e6	ğŸ“¦
1f3b1	ğŸ±
1f36e	ğŸ®
1f5ff	ğŸ—¿
26fa	â›º
1f424	ğŸ¤
1f416	ğŸ–
23e9	â©
1f6ba	ğŸšº
1f3eb	ğŸ‘¨ğŸ½â€ğŸ«
1f69b	ğŸš›
2668	â™¨ï¸
1f409	ğŸ‰
1f1e91f1ea	ğŸ‘¨ğŸ¼â€ğŸ³
1f439	ğŸ¹
1f198	ğŸ†˜
1f472	ğŸ‘²ğŸ½
1f4b7	ğŸ’·
27b0	â°
1f6bf	ğŸš¿
1f529	ğŸ”©
1f6a4	ğŸš´ğŸ»
25fb	â—»ï¸
1f1ef1f1f5	ğŸ‡¯ğŸ‡µ
1f197	ğŸ†—
23f3	â³
1f52f	ğŸ”¯
1f421	ğŸ¡
1f526	ğŸ”¦
1f196	ğŸ†–
1f376	ğŸ¶
1f527	ğŸ‘¨ğŸ½â€ğŸ”§
1f1fb	ğŸ‡§ğŸ‡»
1f38e	ğŸ
1f302	ğŸŒ‚
1f3bf	ğŸ¿
1f533	ğŸ”³
1f361	ğŸ¡
1f4c0	ğŸ“€
1f3ab	ğŸ«
1f687	ğŸš‡
1f4c8	ğŸ“ˆ
1f691	ğŸš‘
1f4ac	ğŸ’¬
1f690	ğŸš
1f3a6	ğŸ¦
1f40c	ğŸŒ
2754	â”
1f69a	ğŸš
2797	â—
2712	âœ’ï¸
1f400	ğŸ€
1f4d8	ğŸ“˜
1f4f6	ğŸ“¶
1f464	ğŸ‘¤
1f443	ğŸ‘ƒğŸ¼
1f512	ğŸ”’
25fd	â—½
1f64e	ğŸ™ğŸ¿
267f	â™¿
1f17e	ğŸ…¾ï¸
1f530	ğŸ”°
1f301	ğŸŒ
1f392	ğŸ’
1f509	ğŸ”‰
1f4cc	ğŸ“Œ
1f68d	ğŸš
1f4d5	ğŸ“•
23ea	âª
1f4c6	ğŸ“†
1f360	ğŸ 
1f1ff	ğŸ‡¿ğŸ‡¼
1f64d	ğŸ™ğŸ»
1f505	ğŸ”…
1f5fc	ğŸ—¼
1f359	ğŸ™
1f518	ğŸ”˜
1f63e	ğŸ˜¾
1f4c5	ğŸ“…
1f1ea1f1f8	ğŸ‡ªğŸ‡¸
1f30b	ğŸŒ‹
1f501	ğŸ”
1f6c0	ğŸ›€ğŸ¾
1f45a	ğŸ‘›
1f312	ğŸŒ’
1f477	ğŸ‘·ğŸ»
1f465	ğŸ‘¥
1f52d	ğŸ”­
1f461	ğŸ‘¡
1f6b5	ğŸšµğŸ»â€â™€ï¸
1f4fc	ğŸ“¼
2b1c	â¬œ
1f4ca	ğŸ“Š
1f508	ğŸ”ˆ
1f6bd	ğŸš½
1f362	ğŸ¢
1f504	ğŸ”„
1f6bc	ğŸš¼
24c2	â“‚ï¸
1f317	ğŸŒ—
1f3e9	ğŸ©
1f1f01f1f7	ğŸ‘ğŸ»
26f2	â›²
1f348	ğŸˆ
1f1f0	ğŸ‡°ğŸ‡²
1f4b6	ğŸ’¶
1f6aa	ğŸšª
1f1fe	ğŸ‡§ğŸ‡¾
1f313	ğŸŒ“
1f6c1	ğŸ›
1f3e4	ğŸ¤
1f314	ğŸŒ”
1f4d2	ğŸ“’
1f17f	ğŸ…¿ï¸
1f4eb	ğŸ“«
1f53d	ğŸ”½
1f403	ğŸƒ
1f53c	ğŸ”¼
1f689	ğŸš‰
1f38b	ğŸ‹
1f6a5	ğŸšµğŸ¾
1f513	ğŸ”“
1f318	ğŸŒ˜
1f3e8	ğŸ¨
264c	â™Œ
1f4e9	ğŸ“©
2734	âœ´ï¸
1f51f	ğŸ”Ÿ
1f1f71f1fa	ğŸ›’
1f4d7	ğŸ“—
1f683	ğŸšƒ
1f38c	ğŸŒ
1f68a	ğŸšŒ
1f1e81f1f3	ğŸ‘©ğŸ¿â€ğŸš’
1f3ee	ğŸ®
1f4e7	ğŸ“§
1f4cb	ğŸ“‹
1f4c4	ğŸ“„
1f3ea	ğŸª
1f50d	ğŸ”
2934	â¤´ï¸
1f685	ğŸš…
1f55b	ğŸ•›
1f550	ğŸ•
1f50e	ğŸ”
1f4d9	ğŸ“™
1f4ae	ğŸ’®
2709	âœ‰ï¸
274e	â
1f4d0	ğŸ“
26d4	â›”
1f3e3	ğŸ£
1f38d	ğŸ
1f551	ğŸ•‘
1f4ec	ğŸ“¬
1f358	ğŸ˜
1f316	ğŸŒ–
1f3bd	ğŸ½
1f4b1	ğŸ’±
264a	â™Š
1f503	ğŸ”ƒ
1f517	ğŸ”—
1f51a	ğŸ”Ÿ
1f6b7	ğŸš·
1f250	ğŸ‰
25c0	â—€ï¸
1f6b9	ğŸš¹
21aa	â†ªï¸
1f401	ğŸ
1f38f	ğŸ
2747	â‡ï¸
1f552	ğŸ•’
264d	â™
1f3ec	ğŸ¬
1f6b8	ğŸš¸
1f458	ğŸ‘˜
1f19a	ğŸ†š
1f4ef	ğŸ“¯
1f6be	ğŸ‡§ğŸ‡¶
1f688	ğŸšˆ
1f559	ğŸ•™
2652	â™’
1f68e	ğŸš
1f684	ğŸš„
1f4dc	ğŸ“œ
1f4d4	ğŸ“”
1f4c9	ğŸ“‰
1f4c3	ğŸ“ƒ
1f4d1	ğŸ“‘
2649	â™‰
264b	â™‹
1f391	ğŸ‘
1f68b	ğŸš‹
1f4e0	ğŸ“ 
1f3e7	ğŸ§
1f1fc	ğŸ‡¹ğŸ‡¼
1f4f5	ğŸ“µ
1f45d	ğŸ‘
1f556	ğŸ•–
2197	â†—ï¸
1f4df	ğŸ“Ÿ
1f55a	ğŸ•Ÿ
2139	â„¹ï¸
1f390	ğŸ
1f554	ğŸ•”
1f3b4	ğŸ´
1f18e	ğŸ†
2648	â™ˆ
1f6ad	ğŸš­
1f4db	ğŸ“›
1f553	ğŸ•“
2199	â†™ï¸
1f3ef	ğŸ¯
1f507	ğŸ”‡
1f69d	ğŸš
3299	ãŠ™ï¸
1f555	ğŸ••
1f502	ğŸ”‚
1f4ce	ğŸ“
1f55c	ğŸ•œ
1f558	ğŸ•˜
27bf	â¿
1f1eb	ğŸ‡«ğŸ‡®
1f4ee	ğŸ“®
1f4e5	ğŸ“¥
1f4be	ğŸ‡§ğŸ‡´
1f68f	ğŸš
23ec	â¬
3297	ãŠ—ï¸
1f4cf	ğŸ“
1f232	ğŸˆ²
1f239	ğŸˆ¹
1f3ed	ğŸ‘©ğŸ»â€ğŸ­
1f557	ğŸ•—
1f69e	ğŸš
23eb	â«
1f4c7	ğŸ“‡
1f516	ğŸ”–
1f686	ğŸš†
1f004	ğŸ€„
1f6c4	ğŸ›„
1f55f	ğŸ•Ÿ
21a9	â†©ï¸
2195	â†•ï¸
2653	â™“
1f4c2	ğŸ“‚
1f6bb	ğŸš»
1f191	ğŸ†‘
1f6af	ğŸš¯
2198	â†˜ï¸
1f194	ğŸ†”
1f562	ğŸ•¢
1f6a0	ğŸ›€ğŸ»
1f4ea	ğŸ“ª
1f6b0	ğŸš°
1f4e8	ğŸ“¨
2651	â™‘
1f561	ğŸ•¡
1f4ed	ğŸ“­
1f6a1	ğŸ‡§ğŸ‡¶
1f500	ğŸ”€
1f4f4	ğŸ“´
1f564	ğŸ•¤
1f4c1	ğŸ“
1f234	ğŸˆ´
1f235	ğŸˆµ
1f4b9	ğŸ’¹
1f515	ğŸ”•
26ce	â›
1f560	ğŸ• 
1f55e	ğŸ•
1f567	ğŸ•§
1f5fe	ğŸ—¾
1f6c2	ğŸ›‚
1f4e4	ğŸ“¤
1f1f6	ğŸ‡§ğŸ‡¶
1f6c3	ğŸ›ƒ
1f565	ğŸ•¥
1f233	ğŸˆ³
1f563	ğŸ•£
1f55d	ğŸ•
1f6b3	ğŸš³
1f6b1	ğŸš±
2196	â†–ï¸
1f21a	ğŸˆš
1f4f3	ğŸ“³
1f566	ğŸ•¦
1f202	ğŸˆ‚ï¸
1f522	ğŸ”¢
1f69f	ğŸšŸ
1f22f	ğŸˆ¯
1f23a	ğŸˆº
1f524	ğŸ”¤
1f520	ğŸ” 
1f236	ğŸˆ¶
1f50f	ğŸ”
1f238	ğŸˆ¸
1f6c5	ğŸ›…
